store,abs_error
7,0.14830580137839783
5,0.14466059827040054
6,0.1418470405244637
1,0.13292420696787557
9,0.1258879726448762
4,0.1256221767564963
10,0.12392883486203443
3,0.12286259787101335
8,0.11537638006082641
2,0.11496137407783458
